Feature_Index,Feature_Name,Away_from_shins,Hips_rise_first,Collide_with_knees,Lower_back_rounding,Mean_Importance
11,Shoulder_Hip_X_Disp (Norm),0.00879272541097642,-0.0029408782070784456,0.01781674208144801,0.03458213256484155,0.014562680462546884
23,Bar_Knee_X_Disp (Delta),0.009899994974621906,0.004318649923593099,0.019338565022421483,0.0004607600026808045,0.008504492480829323
53,Shoulder_Hip_X_Disp (ZScore),0.01779444599301172,0.00578034682080919,-0.002923162583518879,0.010113253598182714,0.0076912209571211865
0,Left_Knee_Angle (Norm),-0.003153362906322288,0.016751209154181823,0.008766968325791824,-0.0026444197013361093,0.0049300987180788125
65,Bar_Knee_X_Disp (DeltaSquare),0.01874945448197607,0.01521320264723125,-0.012051569506726478,-0.0026444197013361093,0.004816666980286183
51,Bar_Knee_X_Disp (ZScore),0.00879272541097642,0.005882956527687444,0.0014013452914798386,0.0015879550667529108,0.0044162455742241535
17,Right_Hip_Angle (Delta),0.0011857243163643227,0.010065776360374645,0.0,0.006018091810307102,0.004317398121761518
44,Right_Knee_Angle (ZScore),-0.007669640776832076,0.024172359432474977,0.001136363636363602,-0.0008980251610322121,0.004185264282743573
33,Left_Arm_Torso_Angle (DeltaRatio),-0.0011294579152961726,0.0028736581337737155,0.010439866369710504,0.004006263430560875,0.0040475825046872305
42,Left_Knee_Angle (ZScore),-0.0020335481064621685,0.012442154153882612,0.0028153153153153143,0.0015295626110581884,0.0036883709934484865
2,Right_Knee_Angle (Norm),-0.008808056846012713,0.02156002923393785,0.004128701594533046,-0.004192898047024829,0.0031719439838583385
34,Right_Arm_Torso_Angle (DeltaRatio),-0.0010580705288981695,0.004318649923593099,0.008848314606741625,-0.00022740522370467975,0.0029703721944329686
63,Bar_X (DeltaSquare),0.0,-0.008788831423452659,0.02394859813084116,-0.003771764578681003,0.0028470005321768743
36,Bar_Y (DeltaRatio),-0.0021855402897213994,0.0021655478003030915,0.004464285714285698,0.003517666779518258,0.001990490001096412
16,Right_Knee_Angle (Delta),-0.0010580705288981695,0.006459413352766785,0.0015311804008908414,0.0008832127381668275,0.001953933990731571
15,Left_Hip_Angle (Delta),0.002247714595068784,0.0,0.0,0.005137200852023516,0.0018462288617730749
10,Bar_Knee_Y_Disp (Norm),-0.0011294579152961726,0.004318649923593099,-0.001388888888888884,0.004886244079327695,0.0016716367996839343
7,Bar_X (Norm),-0.00673300165837476,0.009416101197955884,0.004128701594533046,-0.0006599005972518501,0.00153797513421558
41,Hip_Knee_Vel_Diff (DeltaRatio),0.002302086060923414,0.0,0.0043539325842696375,-0.0008857616926780665,0.0014425642381287462
46,Body_Length (ZScore),-0.004451717051508819,0.005006340266455855,0.0015311804008908414,0.0028818443804035088,0.0012419119990603467
6,Right_Arm_Torso_Angle (Norm),-0.0066334991708125735,0.003618999748680518,0.011884787472035807,-0.0042429487233345275,0.001156834831642306
29,Left_Hip_Angle (DeltaRatio),6.567820961200788e-05,0.0028736581337737155,-0.0015380313199104823,0.002000241193324759,0.0008503865542
39,Shoulder_Hip_X_Disp (DeltaRatio),-0.0033167495854062867,-0.001428476513188559,0.0,0.007511013945476819,0.0006914469617204932
4,Body_Length (Norm),-0.005590461447614881,0.004318649923593099,-0.0016891891891891442,0.005390349386926396,0.0006073371684288675
25,Shoulder_Hip_X_Disp (Delta),-0.0010580705288981695,0.0021655478003030915,0.003055555555555589,-0.0017740833902484265,0.0005972373591780211
49,Bar_X (ZScore),-0.004540458530940206,0.0,-0.001997716894977186,0.00777224696533052,0.00030851788485328213
31,Right_Hip_Angle (DeltaRatio),0.002247714595068784,0.0,0.0,-0.0013316677179833203,0.00022901171927136588
14,Left_Knee_Angle (Delta),-0.0032346518233913324,0.0021655478003030915,0.0,0.0017638875086952721,0.0001736958714017578
43,Left_Hip_Angle (ZScore),0.001125717988424313,0.0,-0.002923162583518879,0.0017638875086952721,-8.3892715998235e-06
38,Bar_Knee_Y_Disp (DeltaRatio),-0.005496798567867001,0.0,0.0015311804008908414,0.0038621785391330654,-2.585990696077345e-05
45,Right_Hip_Angle (ZScore),-0.004540458530940206,0.00578034682080919,-0.0030829596412556004,0.001116090020156224,-0.00018174533280759797
21,Bar_X (Delta),-0.001201560367334209,-0.011560693641618491,0.017796127562642372,-0.0057636887608069065,-0.0001824538017793087
35,Bar_X (DeltaRatio),-0.005685064088698066,-0.010182820271541937,0.01929723502304148,-0.004192898047024829,-0.00019088684605583772
58,Right_Knee_Angle (DeltaSquare),-0.0033167495854062867,0.0,0.0014013452914798386,0.0008832127381668275,-0.00025804788893990516
9,Bar_Knee_X_Disp (Norm),0.0031147140776658366,0.008755028225670092,-0.0001404494382022392,-0.013334777031866918,-0.00040137104168330717
3,Right_Hip_Angle (Norm),-0.007773976187721354,0.003618999748680518,0.0015311804008908414,0.000652337266624281,-0.0004928646928814284
48,Right_Arm_Torso_Angle (ZScore),-0.012246035490876217,0.016402351662467174,-0.0015380313199104823,-0.005559332212847767,-0.0007352618402918232
56,Left_Knee_Angle (DeltaSquare),0.003414781592856797,0.010065776360374645,-0.005833333333333357,-0.010627578628739642,-0.0007450885022103892
52,Bar_Knee_Y_Disp (ZScore),0.0021928012209164738,-0.007975203149870214,-0.0073775055679287105,0.010059268120276244,-0.0007751598441515517
5,Left_Arm_Torso_Angle (Norm),-0.0011294579152961726,0.0014450867052022698,-0.0030829596412556004,-0.0006763930622568637,-0.0008609309784015917
59,Right_Hip_Angle (DeltaSquare),0.003266998341625249,0.004318649923593099,-0.007567264573991039,-0.003771764578681003,-0.0009383452218634236
54,Torso_Angle (ZScore),-0.01174659600312733,0.003618999748680518,-0.001997716894977186,0.006018091810307102,-0.0010268053347792239
40,Torso_Angle (DeltaRatio),0.0001307093432673101,0.010065776360374645,-0.015447845804988702,0.001066895579128091,-0.001046116130554664
57,Left_Hip_Angle (DeltaSquare),-0.008808056846012713,0.004318649923593099,-0.004464285714285698,0.003517666779518258,-0.0013590064642967636
12,Torso_Angle (Norm),-0.004105422939590819,0.0050894015740069465,-0.0049829157175398375,-0.003126211301548776,-0.0017812870961681215
32,Body_Length (DeltaRatio),-0.004451717051508819,-0.004368866783169834,-0.0015380313199104823,0.0026420352354057375,-0.0019291449797958493
50,Bar_Y (ZScore),-0.004451717051508819,-0.019569406048420945,-0.0030829596412556004,0.019005266819040023,-0.0020247039805363354
55,Hip_Knee_Vel_Diff (ZScore),0.003366008242615348,-0.011018256403302118,-0.0015380313199104823,0.0008832127381668275,-0.002076766685607606
64,Bar_Y (DeltaSquare),0.0,-0.0029408782070784456,-0.0073775055679287105,0.0015295626110581884,-0.002197205290987242
30,Right_Knee_Angle (DeltaRatio),-0.0009873876232870948,0.0,0.004573170731707266,-0.013674310297845604,-0.0025221317973563584
66,Bar_Knee_Y_Disp (DeltaSquare),0.0011857243163643227,-0.003598140960503815,-0.0016891891891891442,-0.006167146974063398,-0.0025671882018480086
20,Right_Arm_Torso_Angle (Delta),0.0,-0.003598140960503815,-0.002923162583518879,-0.003983238928086386,-0.00262613561802727
1,Left_Hip_Angle (Norm),-0.0066334991708125735,0.00578034682080919,-0.0073775055679287105,-0.0028818443804035088,-0.0027781255745839006
22,Bar_Y (Delta),-0.0033167495854062867,-0.003598140960503815,-0.009332579185520329,0.004886244079327695,-0.002840306413025684
8,Bar_Y (Norm),-0.005590461447614881,-0.016412056151940635,0.002936241610738244,0.007252023269141206,-0.0029535631799190165
13,Hip_Knee_Vel_Diff (Norm),-0.00419072124375397,0.0,-0.00324492099322804,-0.005282696189469971,-0.003179584606612995
60,Body_Length (DeltaSquare),-0.007669640776832076,-0.0021781017005948478,-0.00324492099322804,-0.002212992246269696,-0.003826413929231165
27,Hip_Knee_Vel_Diff (Delta),0.002355923600763199,-0.001428476513188559,-0.01603982300884954,-0.00045286125977772596,-0.0038913092952631567
24,Bar_Knee_Y_Disp (Delta),-0.0032346518233913324,0.0,-0.009332579185520329,-0.003096845682815208,-0.003916019172931717
18,Body_Length (Delta),-0.007773976187721354,0.000711948875290247,-0.006012304250559319,-0.003096845682815208,-0.004042794311451409
68,Torso_Angle (DeltaSquare),-0.013005579655090749,0.0028736581337737155,-0.016788939051918694,0.010480897718673998,-0.004109990713640432
19,Left_Arm_Torso_Angle (Delta),-0.007773976187721354,0.00072875432697872,-0.006193693693693714,-0.003730886350833962,-0.0042424504763175774
61,Left_Arm_Torso_Angle (DeltaSquare),-0.004363855652865123,-0.0037171551827033245,-0.007759593679458221,-0.0013316677179833203,-0.004293068058252497
37,Bar_Knee_X_Disp (DeltaRatio),-0.005496798567867001,-0.0021781017005948478,-0.004634831460674116,-0.004872182945286463,-0.004295478668605607
62,Right_Arm_Torso_Angle (DeltaSquare),0.001125717988424313,-0.007975203149870214,0.0015311804008908414,-0.01378220973556965,-0.0047751286240311774
47,Left_Arm_Torso_Angle (ZScore),-0.0021855402897213994,-0.004368866783169834,-0.007567264573991039,-0.006366293488999419,-0.005121991283970423
69,Hip_Knee_Vel_Diff (DeltaSquare),-0.010737366088271139,-0.003598140960503815,-0.007759593679458221,0.0,-0.005523775182058294
67,Shoulder_Hip_X_Disp (DeltaSquare),-0.0066334991708125735,-0.005780346820809301,-0.007567264573991039,-0.004811214770673589,-0.006198081334071626
26,Torso_Angle (Delta),-0.017740753596359293,-0.003598140960503815,-0.0063775510204081565,-0.002200902248325032,-0.007479336956399074
28,Left_Knee_Angle (DeltaRatio),-0.004451717051508819,-0.007175602949970106,-0.007759593679458221,-0.012603928583258761,-0.007997710566048977
